[
  {
    "id": 1,
    "bild": "images/maxmustermann.webp",
    "vorname": "Max",
    "name": "Mustermann",
    "email": "max@firm.de",
    "phone": "123-456-7890",
    "abteilung": "Vertrieb",
    "position": "Verkaufsleiter",
    "bemerkung": "Teamleiter seit 2019, betreut Großkunden im DACH-Raum",
    "gehalt": "5000€ pro Monat Brutto"
  },
  {
    "id": 2,
    "bild": "images/janedoe.webp",
    "vorname": "Jane",
    "name": "Doe",
    "email": "jane@firm.de",
    "phone": "098-765-4321",
    "abteilung": "IT",
    "position": "Senior Developer",
    "bemerkung": "Spezialisiert auf Backend-Entwicklung, Python & Node.js",
    "gehalt": "6000€ pro Monat Brutto"
  },
  {
    "id": 3,
    "bild": "images/jondoe.webp",
    "vorname": "John",
    "name": "Doe",
    "email": "john@firm.de",
    "phone": "011-223-3445",
    "abteilung": "IT",
    "position": "Frontend Developer",
    "bemerkung": "React-Experte, arbeitet remote aus Berlin",
    "gehalt": "5500€ pro Monat Brutto"
  },
  {
    "id": 4,
    "bild": "images/sarahmueller.webp",
    "vorname": "Sarah",
    "name": "Müller",
    "email": "sarah@firm.de",
    "phone": "022-334-4556",
    "abteilung": "HR",
    "position": "Personalleiterin",
    "bemerkung": "Verantwortlich für Recruiting und Mitarbeiterentwicklung",
    "gehalt": "4800€ pro Monat Brutto"
  },
  {
    "id": 5,
    "bild": "images/thomasschmidt.webp",
    "vorname": "Thomas",
    "name": "Schmidt",
    "email": "thomas@firm.de",
    "phone": "033-445-5667",
    "abteilung": "Marketing",
    "position": "Marketing Manager",
    "bemerkung": "Leitet digitale Kampagnen, 5 Jahre Erfahrung im B2B",
    "gehalt": "4500€ pro Monat Brutto"
  },
  {
    "id": 6,
    "bild": "images/lauraweiss.webp",
    "vorname": "Laura",
    "name": "Weiss",
    "email": "laura@firm.de",
    "phone": "044-556-6778",
    "abteilung": "Finanzen",
    "position": "Buchhalterin",
    "bemerkung": "Zuständig für Lohnbuchhaltung und Jahresabschluss",
    "gehalt": "3800€ pro Monat Brutto"
  },
  {
    "id": 7,
    "bild": "images/michaelbecker.webp",
    "vorname": "Michael",
    "name": "Becker",
    "email": "michael@firm.de",
    "phone": "055-667-7889",
    "abteilung": "Vertrieb",
    "position": "Account Manager",
    "bemerkung": "Betreut Neukunden in der Region Nordrhein-Westfalen",
    "gehalt": "4200€ pro Monat Brutto"
  },
  {
    "id": 8,
    "bild": "images/annakoch.webp",
    "vorname": "Anna",
    "name": "Koch",
    "email": "anna@firm.de",
    "phone": "066-778-8990",
    "abteilung": "IT",
    "position": "QA Testerin",
    "bemerkung": "Automatisierte Tests, Scrum Master Zertifikat",
    "gehalt": "4700€ pro Monat Brutto"
  },
  {
    "id": 9,
    "bild": "images/maxmustermann.webp",
    "vorname": "Alexander",
    "name": "Koch",
    "email": "alexander.koch@firm.de",
    "phone": "481-610-9635",
    "abteilung": "Marketing",
    "position": "Social Media Manager",
    "bemerkung": "Koordiniert abteilungsübergreifende Teams",
    "gehalt": "6700€ pro Monat Brutto"
  },
  {
    "id": 10,
    "bild": "images/maxmustermann.webp",
    "vorname": "Sebastian",
    "name": "Schröder",
    "email": "sebastian.schröder@firm.de",
    "phone": "272-603-3140",
    "abteilung": "Logistik",
    "position": "Supply Chain Manager",
    "bemerkung": "5 Jahre Berufserfahrung",
    "gehalt": "3900€ pro Monat Brutto"
  },
  {
    "id": 11,
    "bild": "images/sarahmueller.webp",
    "vorname": "Daniel",
    "name": "Fischer",
    "email": "daniel.fischer@firm.de",
    "phone": "981-771-9800",
    "abteilung": "HR",
    "position": "Recruiter",
    "bemerkung": "Verantwortlich für strategische Projekte",
    "gehalt": "5700€ pro Monat Brutto"
  },
  {
    "id": 12,
    "bild": "images/lauraweiss.webp",
    "vorname": "Jessica",
    "name": "Hofmann",
    "email": "jessica.hofmann@firm.de",
    "phone": "427-464-4959",
    "abteilung": "HR",
    "position": "Recruiter",
    "bemerkung": "Verantwortlich für Prozessoptimierung",
    "gehalt": "7500€ pro Monat Brutto"
  },
  {
    "id": 13,
    "bild": "images/michaelbecker.webp",
    "vorname": "Mia",
    "name": "Albrecht",
    "email": "mia.albrecht@firm.de",
    "phone": "125-695-2580",
    "abteilung": "Marketing",
    "position": "SEO Specialist",
    "bemerkung": "5 Jahre Berufserfahrung",
    "gehalt": "4300€ pro Monat Brutto"
  },
  {
    "id": 14,
    "bild": "images/annakoch.webp",
    "vorname": "Tanja",
    "name": "Albrecht",
    "email": "tanja.albrecht@firm.de",
    "phone": "872-215-3459",
    "abteilung": "Marketing",
    "position": "SEO Specialist",
    "bemerkung": "Arbeitet remote aus München",
    "gehalt": "7200€ pro Monat Brutto"
  },
  {
    "id": 15,
    "bild": "images/janedoe.webp",
    "vorname": "Andreas",
    "name": "Neumann",
    "email": "andreas.neumann@firm.de",
    "phone": "630-109-7066",
    "abteilung": "HR",
    "position": "Recruiter",
    "bemerkung": "Neue Mitarbeiterin seit 2025",
    "gehalt": "6700€ pro Monat Brutto"
  },
  {
    "id": 16,
    "bild": "images/annakoch.webp",
    "vorname": "Mia",
    "name": "Frank",
    "email": "mia.frank@firm.de",
    "phone": "521-107-3447",
    "abteilung": "Kundenservice",
    "position": "Kundenberater",
    "bemerkung": "Verantwortlich für strategische Projekte",
    "gehalt": "6900€ pro Monat Brutto"
  },
  {
    "id": 17,
    "bild": "images/maxmustermann.webp",
    "vorname": "Daniel",
    "name": "Jung",
    "email": "daniel.jung@firm.de",
    "phone": "674-101-7446",
    "abteilung": "IT",
    "position": "Data Analyst",
    "bemerkung": "Teamleiter seit 2020",
    "gehalt": "4600€ pro Monat Brutto"
  },
  {
    "id": 18,
    "bild": "images/jondoe.webp",
    "vorname": "Tim",
    "name": "Schmitz",
    "email": "tim.schmitz@firm.de",
    "phone": "781-167-5732",
    "abteilung": "Vertrieb",
    "position": "Account Manager",
    "bemerkung": "Zertifiziert in Scrum und Agile",
    "gehalt": "4400€ pro Monat Brutto"
  },
  {
    "id": 19,
    "bild": "images/maxmustermann.webp",
    "vorname": "Charlotte",
    "name": "Mayer",
    "email": "charlotte.mayer@firm.de",
    "phone": "930-611-6671",
    "abteilung": "Logistik",
    "position": "Logistikkoordinator",
    "bemerkung": "Langjährige Erfahrung im Bereich",
    "gehalt": "5600€ pro Monat Brutto"
  },
  {
    "id": 20,
    "bild": "images/michaelbecker.webp",
    "vorname": "Sandra",
    "name": "Peters",
    "email": "sandra.peters@firm.de",
    "phone": "178-190-8346",
    "abteilung": "Produktion",
    "position": "Produktionsleiter",
    "bemerkung": "Verantwortlich für strategische Projekte",
    "gehalt": "3600€ pro Monat Brutto"
  },
  {
    "id": 21,
    "bild": "images/lauraweiss.webp",
    "vorname": "Lena",
    "name": "Weber",
    "email": "lena.weber@firm.de",
    "phone": "569-779-4721",
    "abteilung": "Logistik",
    "position": "Lagerleiter",
    "bemerkung": "Zertifiziert in Scrum und Agile",
    "gehalt": "5900€ pro Monat Brutto"
  },
  {
    "id": 22,
    "bild": "images/janedoe.webp",
    "vorname": "Oliver",
    "name": "Hofmann",
    "email": "oliver.hofmann@firm.de",
    "phone": "392-340-3739",
    "abteilung": "Finanzen",
    "position": "Finanzdirektor",
    "bemerkung": "Betreut internationale Kunden",
    "gehalt": "5200€ pro Monat Brutto"
  },
  {
    "id": 23,
    "bild": "images/lauraweiss.webp",
    "vorname": "Melanie",
    "name": "König",
    "email": "melanie.könig@firm.de",
    "phone": "435-948-2769",
    "abteilung": "Produktion",
    "position": "Qualitätsmanager",
    "bemerkung": "Neue Mitarbeiterin seit 2025",
    "gehalt": "6600€ pro Monat Brutto"
  },
  {
    "id": 24,
    "bild": "images/jondoe.webp",
    "vorname": "Petra",
    "name": "Weber",
    "email": "petra.weber@firm.de",
    "phone": "249-733-5199",
    "abteilung": "Vertrieb",
    "position": "Account Manager",
    "bemerkung": "Verantwortlich für strategische Projekte",
    "gehalt": "4600€ pro Monat Brutto"
  },
  {
    "id": 25,
    "bild": "images/lauraweiss.webp",
    "vorname": "Christina",
    "name": "Friedrich",
    "email": "christina.friedrich@firm.de",
    "phone": "652-367-6569",
    "abteilung": "IT",
    "position": "Developer",
    "bemerkung": "Langjährige Erfahrung im Bereich",
    "gehalt": "5900€ pro Monat Brutto"
  },
  {
    "id": 26,
    "bild": "images/janedoe.webp",
    "vorname": "Markus",
    "name": "Herrmann",
    "email": "markus.herrmann@firm.de",
    "phone": "494-240-3428",
    "abteilung": "Produktion",
    "position": "Produktionsplaner",
    "bemerkung": "Experte für Kundenakquise",
    "gehalt": "5800€ pro Monat Brutto"
  },
  {
    "id": 27,
    "bild": "images/jondoe.webp",
    "vorname": "Tanja",
    "name": "Meier",
    "email": "tanja.meier@firm.de",
    "phone": "455-298-7587",
    "abteilung": "Produktion",
    "position": "Fertigungsmitarbeiter",
    "bemerkung": "Teamleiter seit 2020",
    "gehalt": "4800€ pro Monat Brutto"
  },
  {
    "id": 28,
    "bild": "images/jondoe.webp",
    "vorname": "Julia",
    "name": "Albrecht",
    "email": "julia.albrecht@firm.de",
    "phone": "611-923-6391",
    "abteilung": "Produktion",
    "position": "Qualitätsmanager",
    "bemerkung": "Neue Mitarbeiterin seit 2025",
    "gehalt": "7200€ pro Monat Brutto"
  },
  {
    "id": 29,
    "bild": "images/sarahmueller.webp",
    "vorname": "Matthias",
    "name": "Krause",
    "email": "matthias.krause@firm.de",
    "phone": "717-354-8459",
    "abteilung": "Produktion",
    "position": "Produktionsplaner",
    "bemerkung": "Koordiniert abteilungsübergreifende Teams",
    "gehalt": "6500€ pro Monat Brutto"
  },
  {
    "id": 30,
    "bild": "images/thomasschmidt.webp",
    "vorname": "Lena",
    "name": "Schmitt",
    "email": "lena.schmitt@firm.de",
    "phone": "678-692-7530",
    "abteilung": "Kundenservice",
    "position": "Customer Support",
    "bemerkung": "Arbeitet remote aus München",
    "gehalt": "6600€ pro Monat Brutto"
  },
  {
    "id": 31,
    "bild": "images/sarahmueller.webp",
    "vorname": "Christian",
    "name": "Beck",
    "email": "christian.beck@firm.de",
    "phone": "405-443-5499",
    "abteilung": "Finanzen",
    "position": "Buchhalter",
    "bemerkung": "5 Jahre Berufserfahrung",
    "gehalt": "4800€ pro Monat Brutto"
  },
  {
    "id": 32,
    "bild": "images/michaelbecker.webp",
    "vorname": "Simon",
    "name": "Braun",
    "email": "simon.braun@firm.de",
    "phone": "519-411-8674",
    "abteilung": "Kundenservice",
    "position": "Service Manager",
    "bemerkung": "5 Jahre Berufserfahrung",
    "gehalt": "5700€ pro Monat Brutto"
  },
  {
    "id": 33,
    "bild": "images/sarahmueller.webp",
    "vorname": "Matthias",
    "name": "Schulz",
    "email": "matthias.schulz@firm.de",
    "phone": "409-270-7803",
    "abteilung": "Kundenservice",
    "position": "Teamleiter Support",
    "bemerkung": "Zertifiziert in Scrum und Agile",
    "gehalt": "4400€ pro Monat Brutto"
  },
  {
    "id": 34,
    "bild": "images/thomasschmidt.webp",
    "vorname": "Melanie",
    "name": "Werner",
    "email": "melanie.werner@firm.de",
    "phone": "309-449-4935",
    "abteilung": "Logistik",
    "position": "Supply Chain Manager",
    "bemerkung": "5 Jahre Berufserfahrung",
    "gehalt": "6900€ pro Monat Brutto"
  },
  {
    "id": 35,
    "bild": "images/thomasschmidt.webp",
    "vorname": "Lea",
    "name": "Richter",
    "email": "lea.richter@firm.de",
    "phone": "504-935-8268",
    "abteilung": "IT",
    "position": "Data Analyst",
    "bemerkung": "Experte für Kundenakquise",
    "gehalt": "4300€ pro Monat Brutto"
  },
  {
    "id": 36,
    "bild": "images/janedoe.webp",
    "vorname": "Marie",
    "name": "Bauer",
    "email": "marie.bauer@firm.de",
    "phone": "816-872-7403",
    "abteilung": "HR",
    "position": "Recruiter",
    "bemerkung": "Experte für Kundenakquise",
    "gehalt": "4800€ pro Monat Brutto"
  },
  {
    "id": 37,
    "bild": "images/jondoe.webp",
    "vorname": "Sandra",
    "name": "Krause",
    "email": "sandra.krause@firm.de",
    "phone": "946-682-6001",
    "abteilung": "Kundenservice",
    "position": "Kundenberater",
    "bemerkung": "Experte für Kundenakquise",
    "gehalt": "7500€ pro Monat Brutto"
  },
  {
    "id": 38,
    "bild": "images/sarahmueller.webp",
    "vorname": "Emma",
    "name": "Braun",
    "email": "emma.braun@firm.de",
    "phone": "568-512-5564",
    "abteilung": "Kundenservice",
    "position": "Customer Support",
    "bemerkung": "Arbeitet remote aus München",
    "gehalt": "6300€ pro Monat Brutto"
  },
  {
    "id": 39,
    "bild": "images/janedoe.webp",
    "vorname": "Oliver",
    "name": "Fischer",
    "email": "oliver.fischer@firm.de",
    "phone": "408-655-1791",
    "abteilung": "Marketing",
    "position": "Content Creator",
    "bemerkung": "Langjährige Erfahrung im Bereich",
    "gehalt": "4300€ pro Monat Brutto"
  },
  {
    "id": 40,
    "bild": "images/jondoe.webp",
    "vorname": "Julia",
    "name": "Fischer",
    "email": "julia.fischer@firm.de",
    "phone": "433-822-7447",
    "abteilung": "HR",
    "position": "HR Assistant",
    "bemerkung": "Neue Mitarbeiterin seit 2025",
    "gehalt": "5000€ pro Monat Brutto"
  },
  {
    "id": 41,
    "bild": "images/lauraweiss.webp",
    "vorname": "Christina",
    "name": "Schulz",
    "email": "christina.schulz@firm.de",
    "phone": "463-733-8790",
    "abteilung": "Vertrieb",
    "position": "Key Account Manager",
    "bemerkung": "Arbeitet remote aus München",
    "gehalt": "5500€ pro Monat Brutto"
  },
  {
    "id": 42,
    "bild": "images/lauraweiss.webp",
    "vorname": "Christian",
    "name": "Wagner",
    "email": "christian.wagner@firm.de",
    "phone": "787-475-1510",
    "abteilung": "HR",
    "position": "Recruiter",
    "bemerkung": "5 Jahre Berufserfahrung",
    "gehalt": "6500€ pro Monat Brutto"
  },
  {
    "id": 43,
    "bild": "images/thomasschmidt.webp",
    "vorname": "Florian",
    "name": "Schubert",
    "email": "florian.schubert@firm.de",
    "phone": "586-380-8786",
    "abteilung": "Logistik",
    "position": "Disposition",
    "bemerkung": "Arbeitet remote aus München",
    "gehalt": "5700€ pro Monat Brutto"
  },
  {
    "id": 44,
    "bild": "images/lauraweiss.webp",
    "vorname": "David",
    "name": "Klein",
    "email": "david.klein@firm.de",
    "phone": "698-655-7543",
    "abteilung": "Finanzen",
    "position": "Buchhalter",
    "bemerkung": "Verantwortlich für strategische Projekte",
    "gehalt": "6100€ pro Monat Brutto"
  },
  {
    "id": 45,
    "bild": "images/sarahmueller.webp",
    "vorname": "Emma",
    "name": "Schmitt",
    "email": "emma.schmitt@firm.de",
    "phone": "919-565-3478",
    "abteilung": "IT",
    "position": "Senior Developer",
    "bemerkung": "Arbeitet remote aus München",
    "gehalt": "5300€ pro Monat Brutto"
  },
  {
    "id": 46,
    "bild": "images/janedoe.webp",
    "vorname": "Jan",
    "name": "Wolf",
    "email": "jan.wolf@firm.de",
    "phone": "651-676-8798",
    "abteilung": "Finanzen",
    "position": "Buchhalter",
    "bemerkung": "Verantwortlich für strategische Projekte",
    "gehalt": "4700€ pro Monat Brutto"
  },
  {
    "id": 47,
    "bild": "images/sarahmueller.webp",
    "vorname": "Julia",
    "name": "Walter",
    "email": "julia.walter@firm.de",
    "phone": "708-401-1709",
    "abteilung": "Vertrieb",
    "position": "Account Manager",
    "bemerkung": "Langjährige Erfahrung im Bereich",
    "gehalt": "7500€ pro Monat Brutto"
  },
  {
    "id": 48,
    "bild": "images/thomasschmidt.webp",
    "vorname": "Sebastian",
    "name": "Mayer",
    "email": "sebastian.mayer@firm.de",
    "phone": "219-667-3367",
    "abteilung": "Vertrieb",
    "position": "Vertriebsassistent",
    "bemerkung": "5 Jahre Berufserfahrung",
    "gehalt": "4700€ pro Monat Brutto"
  },
  {
    "id": 49,
    "bild": "images/sarahmueller.webp",
    "vorname": "Jessica",
    "name": "Hahn",
    "email": "jessica.hahn@firm.de",
    "phone": "707-840-9852",
    "abteilung": "Kundenservice",
    "position": "Kundenberater",
    "bemerkung": "Verantwortlich für strategische Projekte",
    "gehalt": "4800€ pro Monat Brutto"
  },
  {
    "id": 50,
    "bild": "images/annakoch.webp",
    "vorname": "Lena",
    "name": "Richter",
    "email": "lena.richter@firm.de",
    "phone": "371-451-1420",
    "abteilung": "Logistik",
    "position": "Disposition",
    "bemerkung": "5 Jahre Berufserfahrung",
    "gehalt": "4400€ pro Monat Brutto"
  },
  {
    "id": 51,
    "bild": "images/maxmustermann.webp",
    "vorname": "Petra",
    "name": "Roth",
    "email": "petra.roth@firm.de",
    "phone": "451-203-5147",
    "abteilung": "IT",
    "position": "Data Analyst",
    "bemerkung": "Neue Mitarbeiterin seit 2025",
    "gehalt": "6400€ pro Monat Brutto"
  },
  {
    "id": 52,
    "bild": "images/maxmustermann.webp",
    "vorname": "Florian",
    "name": "Walter",
    "email": "florian.walter@firm.de",
    "phone": "889-162-5030",
    "abteilung": "Produktion",
    "position": "Produktionsleiter",
    "bemerkung": "Langjährige Erfahrung im Bereich",
    "gehalt": "5900€ pro Monat Brutto"
  },
  {
    "id": 53,
    "bild": "images/lauraweiss.webp",
    "vorname": "Markus",
    "name": "Koch",
    "email": "markus.koch@firm.de",
    "phone": "429-431-1415",
    "abteilung": "IT",
    "position": "IT Administrator",
    "bemerkung": "Langjährige Erfahrung im Bereich",
    "gehalt": "7200€ pro Monat Brutto"
  },
  {
    "id": 54,
    "bild": "images/michaelbecker.webp",
    "vorname": "Stefanie",
    "name": "Krause",
    "email": "stefanie.krause@firm.de",
    "phone": "352-910-6754",
    "abteilung": "Marketing",
    "position": "Marketing Manager",
    "bemerkung": "Spezialisiert auf digitale Prozesse",
    "gehalt": "4600€ pro Monat Brutto"
  },
  {
    "id": 55,
    "bild": "images/jondoe.webp",
    "vorname": "Marie",
    "name": "Vogel",
    "email": "marie.vogel@firm.de",
    "phone": "831-245-6375",
    "abteilung": "Finanzen",
    "position": "Treasury Manager",
    "bemerkung": "5 Jahre Berufserfahrung",
    "gehalt": "7100€ pro Monat Brutto"
  },
  {
    "id": 56,
    "bild": "images/michaelbecker.webp",
    "vorname": "Lena",
    "name": "Schulz",
    "email": "lena.schulz@firm.de",
    "phone": "506-920-3049",
    "abteilung": "Marketing",
    "position": "Brand Manager",
    "bemerkung": "Experte für Kundenakquise",
    "gehalt": "5500€ pro Monat Brutto"
  },
  {
    "id": 57,
    "bild": "images/michaelbecker.webp",
    "vorname": "Jessica",
    "name": "Schmitz",
    "email": "jessica.schmitz@firm.de",
    "phone": "782-810-9086",
    "abteilung": "Kundenservice",
    "position": "Customer Support",
    "bemerkung": "Arbeitet remote aus München",
    "gehalt": "3800€ pro Monat Brutto"
  },
  {
    "id": 58,
    "bild": "images/annakoch.webp",
    "vorname": "Markus",
    "name": "Beck",
    "email": "markus.beck@firm.de",
    "phone": "923-773-4214",
    "abteilung": "Marketing",
    "position": "Content Creator",
    "bemerkung": "Koordiniert abteilungsübergreifende Teams",
    "gehalt": "4800€ pro Monat Brutto"
  },
  {
    "id": 59,
    "bild": "images/michaelbecker.webp",
    "vorname": "David",
    "name": "Hoffmann",
    "email": "david.hoffmann@firm.de",
    "phone": "107-419-4104",
    "abteilung": "Finanzen",
    "position": "Steuerberater",
    "bemerkung": "Koordiniert abteilungsübergreifende Teams",
    "gehalt": "5100€ pro Monat Brutto"
  },
  {
    "id": 60,
    "bild": "images/annakoch.webp",
    "vorname": "Alexander",
    "name": "Lehmann",
    "email": "alexander.lehmann@firm.de",
    "phone": "184-659-7504",
    "abteilung": "Logistik",
    "position": "Logistikkoordinator",
    "bemerkung": "Neue Mitarbeiterin seit 2025",
    "gehalt": "5500€ pro Monat Brutto"
  }
]
